国家,场景,适配说明,文件,字节,验收
鲁恩王国,市政府,,场景包/鲁恩王国/市政府.png,4525339,验收通过
鲁恩王国,皇宫,,场景包/鲁恩王国/皇宫.png,4508272,验收通过
鲁恩王国,证券交易所,,场景包/鲁恩王国/证券交易所.png,3979688,验收通过
鲁恩王国,大学,,场景包/鲁恩王国/大学.png,4242888,验收通过
鲁恩王国,警察局,,场景包/鲁恩王国/警察局.png,4106448,验收通过
鲁恩王国,闹市区,,场景包/鲁恩王国/闹市区.png,4102030,验收通过
鲁恩王国,码头,,场景包/鲁恩王国/码头.png,4058950,验收通过
鲁恩王国,独栋别墅区,,场景包/鲁恩王国/独栋别墅区.png,4241886,验收通过
鲁恩王国,联排别墅区,,场景包/鲁恩王国/联排别墅区.png,4090021,验收通过
鲁恩王国,公寓区,,场景包/鲁恩王国/公寓区.png,4071356,验收通过
因蒂斯共和国,市政府,,场景包/因蒂斯共和国/市政府.png,4502491,验收通过
因蒂斯共和国,皇宫,总统府（共和制适配）,场景包/因蒂斯共和国/皇宫.png,4392372,验收通过
因蒂斯共和国,证券交易所,,场景包/因蒂斯共和国/证券交易所.png,4214450,验收通过
因蒂斯共和国,大学,,场景包/因蒂斯共和国/大学.png,4552022,验收通过
因蒂斯共和国,警察局,,场景包/因蒂斯共和国/警察局.png,4319347,验收通过
因蒂斯共和国,闹市区,,场景包/因蒂斯共和国/闹市区.png,4284306,验收通过
因蒂斯共和国,码头,,场景包/因蒂斯共和国/码头.png,4096837,验收通过
因蒂斯共和国,独栋别墅区,,场景包/因蒂斯共和国/独栋别墅区.png,4329108,验收通过
因蒂斯共和国,联排别墅区,,场景包/因蒂斯共和国/联排别墅区.png,4274361,验收通过
因蒂斯共和国,公寓区,,场景包/因蒂斯共和国/公寓区.png,4217142,验收通过
弗萨克帝国,市政府,,场景包/弗萨克帝国/市政府.png,4685693,验收通过
弗萨克帝国,皇宫,,场景包/弗萨克帝国/皇宫.png,4417473,验收通过
弗萨克帝国,证券交易所,,场景包/弗萨克帝国/证券交易所.png,4391007,验收通过
弗萨克帝国,大学,,场景包/弗萨克帝国/大学.png,4509295,验收通过
弗萨克帝国,警察局,,场景包/弗萨克帝国/警察局.png,4561881,验收通过
弗萨克帝国,闹市区,,场景包/弗萨克帝国/闹市区.png,4368960,验收通过
弗萨克帝国,码头,,场景包/弗萨克帝国/码头.png,4323568,验收通过
弗萨克帝国,独栋别墅区,,场景包/弗萨克帝国/独栋别墅区.png,4922152,验收通过
弗萨克帝国,联排别墅区,,场景包/弗萨克帝国/联排别墅区.png,4282615,验收通过
弗萨克帝国,公寓区,,场景包/弗萨克帝国/公寓区.png,4445291,验收通过
费内波特王国,市政府,,场景包/费内波特王国/市政府.png,4689228,验收通过
费内波特王国,皇宫,,场景包/费内波特王国/皇宫.png,4626651,验收通过
费内波特王国,证券交易所,,场景包/费内波特王国/证券交易所.png,4446023,验收通过
费内波特王国,大学,,场景包/费内波特王国/大学.png,4372688,验收通过
费内波特王国,警察局,,场景包/费内波特王国/警察局.png,4642304,验收通过
费内波特王国,闹市区,,场景包/费内波特王国/闹市区.png,4410281,验收通过
费内波特王国,码头,,场景包/费内波特王国/码头.png,4537744,验收通过
费内波特王国,独栋别墅区,,场景包/费内波特王国/独栋别墅区.png,4716849,验收通过
费内波特王国,联排别墅区,,场景包/费内波特王国/联排别墅区.png,4352931,验收通过
费内波特王国,公寓区,,场景包/费内波特王国/公寓区.png,4538524,验收通过
塞加尔诸邦,市政府,,场景包/塞加尔诸邦/市政府.png,4541785,验收通过
塞加尔诸邦,皇宫,,场景包/塞加尔诸邦/皇宫.png,4401485,验收通过
塞加尔诸邦,证券交易所,,场景包/塞加尔诸邦/证券交易所.png,4305112,验收通过
塞加尔诸邦,大学,,场景包/塞加尔诸邦/大学.png,4489876,验收通过
塞加尔诸邦,警察局,,场景包/塞加尔诸邦/警察局.png,4301501,验收通过
塞加尔诸邦,闹市区,,场景包/塞加尔诸邦/闹市区.png,4381793,验收通过
塞加尔诸邦,码头,,场景包/塞加尔诸邦/码头.png,4259431,验收通过
塞加尔诸邦,独栋别墅区,,场景包/塞加尔诸邦/独栋别墅区.png,4358346,验收通过
塞加尔诸邦,联排别墅区,,场景包/塞加尔诸邦/联排别墅区.png,4455488,验收通过
塞加尔诸邦,公寓区,,场景包/塞加尔诸邦/公寓区.png,4327643,验收通过
拜朗帝国,市政府,,场景包/拜朗帝国/市政府.png,4443663,验收通过
拜朗帝国,皇宫,殖民总督府,场景包/拜朗帝国/皇宫.png,4514203,验收通过
拜朗帝国,证券交易所,,场景包/拜朗帝国/证券交易所.png,4346342,验收通过
拜朗帝国,大学,,场景包/拜朗帝国/大学.png,4227361,验收通过
拜朗帝国,警察局,,场景包/拜朗帝国/警察局.png,4364773,验收通过
拜朗帝国,闹市区,,场景包/拜朗帝国/闹市区.png,4206706,验收通过
拜朗帝国,码头,,场景包/拜朗帝国/码头.png,4392721,验收通过
拜朗帝国,独栋别墅区,,场景包/拜朗帝国/独栋别墅区.png,4468203,验收通过
拜朗帝国,联排别墅区,,场景包/拜朗帝国/联排别墅区.png,4049031,验收通过
拜朗帝国,公寓区,,场景包/拜朗帝国/公寓区.png,4466632,验收通过
高地王国,市政府,,场景包/高地王国/市政府.png,4449865,验收通过
高地王国,皇宫,总督-主教宫,场景包/高地王国/皇宫.png,4633250,验收通过
高地王国,证券交易所,,场景包/高地王国/证券交易所.png,4357806,验收通过
高地王国,大学,,场景包/高地王国/大学.png,4609142,验收通过
高地王国,警察局,,场景包/高地王国/警察局.png,4392577,验收通过
高地王国,闹市区,,场景包/高地王国/闹市区.png,4407085,验收通过
高地王国,码头,山间河港/渡口（内陆适配）,场景包/高地王国/码头.png,4488677,验收通过
高地王国,独栋别墅区,,场景包/高地王国/独栋别墅区.png,4529988,验收通过
高地王国,联排别墅区,,场景包/高地王国/联排别墅区.png,4329860,验收通过
高地王国,公寓区,,场景包/高地王国/公寓区.png,4355242,验收通过
帕斯王国,市政府,,场景包/帕斯王国/市政府.png,4344648,验收通过
帕斯王国,皇宫,总督庄园府邸,场景包/帕斯王国/皇宫.png,4280450,验收通过
帕斯王国,证券交易所,牲畜交易所（BOLSA DE GANADOS）,场景包/帕斯王国/证券交易所.png,4417168,验收通过
帕斯王国,大学,,场景包/帕斯王国/大学.png,4289129,验收通过
帕斯王国,警察局,,场景包/帕斯王国/警察局.png,4229796,验收通过
帕斯王国,闹市区,,场景包/帕斯王国/闹市区.png,4343857,验收通过
帕斯王国,码头,,场景包/帕斯王国/码头.png,4132729,验收通过
帕斯王国,独栋别墅区,,场景包/帕斯王国/独栋别墅区.png,4371975,验收通过
帕斯王国,联排别墅区,,场景包/帕斯王国/联排别墅区.png,4389085,验收通过
帕斯王国,公寓区,,场景包/帕斯王国/公寓区.png,4446733,验收通过
哈加提草原,市政府,,场景包/哈加提草原/市政府.png,4598528,验收通过
哈加提草原,皇宫,大汗金帐,场景包/哈加提草原/皇宫.png,4619414,验收通过
哈加提草原,证券交易所,草原集市贸易站（游牧适配）,场景包/哈加提草原/证券交易所.png,4508494,验收通过
哈加提草原,大学,游塾帐篷学堂（游牧适配）,场景包/哈加提草原/大学.png,4279173,验收通过
哈加提草原,警察局,,场景包/哈加提草原/警察局.png,4241068,验收通过
哈加提草原,闹市区,,场景包/哈加提草原/闹市区.png,4512255,验收通过
哈加提草原,码头,河流渡口（内陆适配）,场景包/哈加提草原/码头.png,4423813,验收通过
哈加提草原,独栋别墅区,头人营帐区（游牧适配）,场景包/哈加提草原/独栋别墅区.png,4595009,验收通过
哈加提草原,联排别墅区,家族营帐排（游牧适配）,场景包/哈加提草原/联排别墅区.png,4578995,验收通过
哈加提草原,公寓区,环营帐篷区（游牧适配）,场景包/哈加提草原/公寓区.png,4645745,验收通过
